"","geoid10","Frequency"
"1","36005000100",115
"2","36005000200",230
"3","36005000400",287
"4","36005001600",359
"5","36005001900",387
"6","36005002000",680
"7","36005002300",528
"8","36005002400",33
"9","36005002500",487
"10","36005002701",259
"11","36005002702",293
"12","36005002800",461
"13","36005003100",80
"14","36005003300",358
"15","36005003500",231
"16","36005003700",111
"17","36005003800",73
"18","36005003900",834
"19","36005004001",161
"20","36005004100",862
"21","36005004200",1032
"22","36005004300",646
"23","36005004400",385
"24","36005004600",397
"25","36005004800",393
"26","36005005001",466
"27","36005005002",382
"28","36005005100",975
"29","36005005200",243
"30","36005005300",402
"31","36005005400",645
"32","36005005600",299
"33","36005005902",78
"34","36005006000",237
"35","36005006100",197
"36","36005006200",580
"37","36005006300",1241
"38","36005006400",279
"39","36005006500",1102
"40","36005006700",1073
"41","36005006800",352
"42","36005006900",559
"43","36005007000",369
"44","36005007100",354
"45","36005007200",336
"46","36005007300",479
"47","36005007400",240
"48","36005007500",455
"49","36005007600",504
"50","36005007700",210
"51","36005007800",463
"52","36005007900",646
"53","36005008300",396
"54","36005008400",102
"55","36005008500",498
"56","36005008600",382
"57","36005008700",616
"58","36005008900",304
"59","36005009000",460
"60","36005009200",349
"61","36005009300",1233
"62","36005009600",278
"63","36005009800",308
"64","36005011000",65
"65","36005011502",584
"66","36005011700",242
"67","36005011800",103
"68","36005011900",585
"69","36005012101",226
"70","36005012102",120
"71","36005012300",243
"72","36005012500",264
"73","36005012701",402
"74","36005012901",460
"75","36005013000",71
"76","36005013100",500
"77","36005013200",207
"78","36005013300",540
"79","36005013500",462
"80","36005013800",125
"81","36005014100",303
"82","36005014300",73
"83","36005014400",455
"84","36005014500",401
"85","36005014701",445
"86","36005014702",350
"87","36005014900",232
"88","36005015100",377
"89","36005015200",96
"90","36005015300",282
"91","36005015500",366
"92","36005015700",276
"93","36005015800",98
"94","36005015900",473
"95","36005016000",121
"96","36005016100",433
"97","36005016200",98
"98","36005016300",218
"99","36005016400",79
"100","36005016500",242
"101","36005016600",108
"102","36005016700",292
"103","36005016900",112
"104","36005017100",110
"105","36005017300",541
"106","36005017500",633
"107","36005017701",544
"108","36005017702",830
"109","36005017901",432
"110","36005017902",230
"111","36005018101",286
"112","36005018102",357
"113","36005018301",231
"114","36005018302",456
"115","36005018400",223
"116","36005018500",812
"117","36005018900",608
"118","36005019300",540
"119","36005019400",131
"120","36005019500",802
"121","36005019700",655
"122","36005019900",433
"123","36005020000",414
"124","36005020100",415
"125","36005020200",168
"126","36005020400",141
"127","36005020501",342
"128","36005020502",147
"129","36005020601",195
"130","36005020900",354
"131","36005021001",346
"132","36005021002",245
"133","36005021100",340
"134","36005021200",138
"135","36005021301",83
"136","36005021302",296
"137","36005021501",236
"138","36005021502",429
"139","36005021601",394
"140","36005021602",415
"141","36005021700",420
"142","36005021800",431
"143","36005021900",444
"144","36005022000",336
"145","36005022101",338
"146","36005022102",561
"147","36005022200",421
"148","36005022300",527
"149","36005022401",170
"150","36005022403",341
"151","36005022404",194
"152","36005022500",715
"153","36005022701",205
"154","36005022702",178
"155","36005022703",161
"156","36005022800",147
"157","36005022901",422
"158","36005022902",294
"159","36005023000",191
"160","36005023100",176
"161","36005023200",141
"162","36005023301",445
"163","36005023302",328
"164","36005023501",220
"165","36005023502",290
"166","36005023600",112
"167","36005023702",233
"168","36005023703",800
"169","36005023704",387
"170","36005023800",187
"171","36005023900",932
"172","36005024000",293
"173","36005024100",595
"174","36005024300",468
"175","36005024400",107
"176","36005024501",205
"177","36005024502",322
"178","36005024600",62
"179","36005024700",71
"180","36005024800",137
"181","36005024900",86
"182","36005025000",89
"183","36005025100",635
"184","36005025200",113
"185","36005025300",676
"186","36005025400",66
"187","36005025500",388
"188","36005025600",116
"189","36005025700",137
"190","36005026100",106
"191","36005026300",668
"192","36005026400",286
"193","36005026500",713
"194","36005026601",97
"195","36005026602",265
"196","36005026701",278
"197","36005026702",369
"198","36005026900",323
"199","36005027300",361
"200","36005027401",127
"201","36005027402",105
"202","36005027600",70
"203","36005027700",353
"204","36005027900",262
"205","36005028100",103
"206","36005028300",192
"207","36005028400",286
"208","36005028500",248
"209","36005028600",94
"210","36005028700",219
"211","36005028800",181
"212","36005028900",379
"213","36005029301",26
"214","36005029302",111
"215","36005029500",124
"216","36005029600",243
"217","36005029700",107
"218","36005030000",210
"219","36005030100",18
"220","36005030200",279
"221","36005030701",55
"222","36005030900",106
"223","36005031000",135
"224","36005031200",52
"225","36005031400",42
"226","36005031600",52
"227","36005031800",43
"228","36005031900",30
"229","36005032300",132
"230","36005032400",259
"231","36005032600",134
"232","36005032800",246
"233","36005033000",354
"234","36005033201",119
"235","36005033202",205
"236","36005033400",609
"237","36005033500",104
"238","36005033600",477
"239","36005033700",79
"240","36005033800",248
"241","36005034000",174
"242","36005034200",109
"243","36005034300",69
"244","36005034400",86
"245","36005034500",95
"246","36005034800",344
"247","36005035000",89
"248","36005035100",72
"249","36005035600",220
"250","36005035800",292
"251","36005035900",202
"252","36005036000",103
"253","36005036100",508
"254","36005036300",565
"255","36005036400",181
"256","36005036501",326
"257","36005036502",161
"258","36005036700",141
"259","36005036800",170
"260","36005036901",234
"261","36005036902",186
"262","36005037000",81
"263","36005037100",394
"264","36005037200",116
"265","36005037300",506
"266","36005037400",249
"267","36005037504",500
"268","36005037600",81
"269","36005037800",164
"270","36005037900",480
"271","36005038000",452
"272","36005038100",437
"273","36005038200",114
"274","36005038301",371
"275","36005038302",518
"276","36005038500",551
"277","36005038600",362
"278","36005038700",322
"279","36005038800",79
"280","36005038900",536
"281","36005039000",240
"282","36005039100",529
"283","36005039200",140
"284","36005039300",410
"285","36005039400",345
"286","36005039500",497
"287","36005039600",249
"288","36005039700",472
"289","36005039800",98
"290","36005039901",828
"291","36005039902",444
"292","36005040100",755
"293","36005040302",174
"294","36005040303",236
"295","36005040304",352
"296","36005040400",233
"297","36005040501",330
"298","36005040502",504
"299","36005040600",245
"300","36005040701",149
"301","36005040702",380
"302","36005040800",306
"303","36005040900",418
"304","36005041100",179
"305","36005041300",299
"306","36005041400",458
"307","36005041500",166
"308","36005041800",297
"309","36005041900",412
"310","36005042000",270
"311","36005042100",481
"312","36005042200",138
"313","36005042300",229
"314","36005042400",124
"315","36005042500",487
"316","36005042600",267
"317","36005042800",68
"318","36005042901",146
"319","36005042902",206
"320","36005043000",101
"321","36005043100",558
"322","36005043400",188
"323","36005043500",471
"324","36005043600",90
"325","36005044200",211
"326","36005044400",148
"327","36005044800",82
"328","36005044901",38
"329","36005044902",73
"330","36005045101",80
"331","36005045102",58
"332","36005045600",133
"333","36005045800",334
"334","36005046000",118
"335","36005046201",1411
"336","36005046202",497
"337","36005048400",382
"338","36005050400",37
"339","36005051600",186
"340","36047000100",117
"341","36047000200",200
"342","36047000301",93
"343","36047000501",102
"344","36047000502",105
"345","36047000700",118
"346","36047000900",443
"347","36047001100",1046
"348","36047001300",318
"349","36047001500",567
"350","36047001800",262
"351","36047002000",121
"352","36047002100",631
"353","36047002200",258
"354","36047002300",227
"355","36047002901",238
"356","36047003000",67
"357","36047003100",236
"358","36047003300",417
"359","36047003400",149
"360","36047003500",466
"361","36047003600",108
"362","36047003700",599
"363","36047003800",43
"364","36047003900",365
"365","36047004100",170
"366","36047004300",202
"367","36047004400",91
"368","36047004500",159
"369","36047004600",117
"370","36047004700",87
"371","36047004900",104
"372","36047005000",88
"373","36047005100",78
"374","36047005201",40
"375","36047005202",49
"376","36047005300",325
"377","36047005400",133
"378","36047005601",68
"379","36047005602",68
"380","36047005800",155
"381","36047005900",225
"382","36047006000",138
"383","36047006200",194
"384","36047006300",105
"385","36047006400",169
"386","36047006500",168
"387","36047006600",132
"388","36047006700",115
"389","36047006800",244
"390","36047006900",316
"391","36047007000",119
"392","36047007100",277
"393","36047007200",64
"394","36047007400",263
"395","36047007500",216
"396","36047007600",254
"397","36047007700",202
"398","36047007800",319
"399","36047008000",215
"400","36047008200",179
"401","36047008400",276
"402","36047008500",591
"403","36047008600",76
"404","36047008800",90
"405","36047009000",102
"406","36047009200",142
"407","36047009400",146
"408","36047009600",195
"409","36047009800",229
"410","36047010000",239
"411","36047010100",242
"412","36047010200",148
"413","36047010400",166
"414","36047010600",167
"415","36047010800",172
"416","36047011000",143
"417","36047011200",169
"418","36047011400",114
"419","36047011600",119
"420","36047011700",109
"421","36047011800",194
"422","36047011900",286
"423","36047012000",131
"424","36047012100",117
"425","36047012200",181
"426","36047012600",111
"427","36047012700",184
"428","36047012801",109
"429","36047012901",642
"430","36047012902",142
"431","36047013000",182
"432","36047013100",140
"433","36047013200",78
"434","36047013300",125
"435","36047013400",183
"436","36047013500",160
"437","36047013600",106
"438","36047013700",184
"439","36047013800",481
"440","36047013900",119
"441","36047014000",64
"442","36047014100",138
"443","36047014200",134
"444","36047014300",153
"445","36047014500",218
"446","36047014700",52
"447","36047014800",33
"448","36047014900",156
"449","36047015000",66
"450","36047015100",93
"451","36047015200",54
"452","36047015300",165
"453","36047015400",40
"454","36047015500",147
"455","36047015700",128
"456","36047015900",218
"457","36047016000",172
"458","36047016100",165
"459","36047016200",32
"460","36047016300",148
"461","36047016400",10
"462","36047016500",96
"463","36047016600",75
"464","36047016700",112
"465","36047016800",30
"466","36047016900",101
"467","36047017000",53
"468","36047017100",52
"469","36047017200",96
"470","36047017400",40
"471","36047017500",19
"472","36047017600",49
"473","36047017700",547
"474","36047017800",122
"475","36047017900",177
"476","36047018000",87
"477","36047018100",219
"478","36047018200",108
"479","36047018300",140
"480","36047018400",41
"481","36047018501",365
"482","36047018600",46
"483","36047018700",141
"484","36047018800",69
"485","36047019000",138
"486","36047019100",209
"487","36047019200",169
"488","36047019300",227
"489","36047019400",122
"490","36047019500",143
"491","36047019600",105
"492","36047019700",206
"493","36047019800",45
"494","36047019900",225
"495","36047020000",87
"496","36047020100",173
"497","36047020200",35
"498","36047020300",157
"499","36047020400",38
"500","36047020500",122
"501","36047020600",62
"502","36047020700",134
"503","36047020800",76
"504","36047021000",54
"505","36047021100",95
"506","36047021200",118
"507","36047021300",374
"508","36047021400",92
"509","36047021500",231
"510","36047021600",46
"511","36047021700",377
"512","36047021800",44
"513","36047021900",274
"514","36047022000",104
"515","36047022100",173
"516","36047022200",95
"517","36047022400",107
"518","36047022600",119
"519","36047022700",370
"520","36047022800",100
"521","36047022900",217
"522","36047023000",87
"523","36047023100",148
"524","36047023200",74
"525","36047023300",425
"526","36047023400",50
"527","36047023500",363
"528","36047023600",52
"529","36047023800",42
"530","36047024000",62
"531","36047024100",332
"532","36047024200",63
"533","36047024300",243
"534","36047024400",80
"535","36047024500",363
"536","36047024600",86
"537","36047024700",280
"538","36047024800",84
"539","36047024900",432
"540","36047025000",74
"541","36047025100",475
"542","36047025200",117
"543","36047025300",256
"544","36047025400",85
"545","36047025500",357
"546","36047025600",91
"547","36047025700",369
"548","36047025800",98
"549","36047025901",191
"550","36047025902",276
"551","36047026000",97
"552","36047026100",387
"553","36047026200",47
"554","36047026300",288
"555","36047026400",111
"556","36047026500",319
"557","36047026600",85
"558","36047026700",213
"559","36047026800",74
"560","36047026900",383
"561","36047027000",60
"562","36047027100",309
"563","36047027200",59
"564","36047027300",321
"565","36047027400",79
"566","36047027500",283
"567","36047027600",134
"568","36047027700",461
"569","36047027800",134
"570","36047027900",324
"571","36047028000",52
"572","36047028100",446
"573","36047028200",82
"574","36047028300",512
"575","36047028400",152
"576","36047028501",91
"577","36047028502",191
"578","36047028600",128
"579","36047028700",391
"580","36047028800",133
"581","36047028900",376
"582","36047029000",217
"583","36047029100",390
"584","36047029200",298
"585","36047029300",278
"586","36047029400",61
"587","36047029500",263
"588","36047029600",160
"589","36047029700",575
"590","36047029800",186
"591","36047029900",197
"592","36047030000",96
"593","36047030100",312
"594","36047030200",77
"595","36047030300",465
"596","36047030400",137
"597","36047030500",430
"598","36047030600",83
"599","36047030700",587
"600","36047030800",177
"601","36047030900",298
"602","36047031100",411
"603","36047031300",302
"604","36047031400",144
"605","36047031500",625
"606","36047031701",241
"607","36047031702",292
"608","36047031900",193
"609","36047032100",412
"610","36047032300",269
"611","36047032500",394
"612","36047032600",848
"613","36047032700",276
"614","36047032800",241
"615","36047032900",334
"616","36047033000",463
"617","36047033100",187
"618","36047033300",138
"619","36047033500",149
"620","36047033600",156
"621","36047033700",203
"622","36047033900",278
"623","36047034000",39
"624","36047034100",151
"625","36047034200",462
"626","36047034300",345
"627","36047034500",296
"628","36047034700",424
"629","36047034800",517
"630","36047034900",432
"631","36047035000",318
"632","36047035100",701
"633","36047035200",75
"634","36047035300",368
"635","36047035400",377
"636","36047035500",308
"637","36047035601",38
"638","36047035602",187
"639","36047035700",295
"640","36047035900",484
"641","36047036001",45
"642","36047036002",112
"643","36047036100",384
"644","36047036200",360
"645","36047036300",609
"646","36047036400",147
"647","36047036501",175
"648","36047036502",277
"649","36047036600",206
"650","36047036700",374
"651","36047036900",518
"652","36047037000",139
"653","36047037100",277
"654","36047037300",382
"655","36047037401",189
"656","36047037402",119
"657","36047037500",417
"658","36047037700",337
"659","36047037900",508
"660","36047038100",406
"661","36047038200",230
"662","36047038300",279
"663","36047038500",404
"664","36047038600",186
"665","36047038700",421
"666","36047038800",66
"667","36047038900",417
"668","36047039000",68
"669","36047039100",152
"670","36047039200",100
"671","36047039300",316
"672","36047039400",73
"673","36047039500",296
"674","36047039600",53
"675","36047039700",382
"676","36047039800",85
"677","36047039900",229
"678","36047040000",166
"679","36047040100",310
"680","36047040200",160
"681","36047040300",325
"682","36047040400",45
"683","36047040500",239
"684","36047040600",77
"685","36047040700",41
"686","36047040800",88
"687","36047040900",210
"688","36047041000",80
"689","36047041100",119
"690","36047041200",98
"691","36047041300",219
"692","36047041401",35
"693","36047041402",50
"694","36047041500",204
"695","36047041600",62
"696","36047041700",135
"697","36047041800",54
"698","36047041900",184
"699","36047042000",80
"700","36047042100",208
"701","36047042200",128
"702","36047042300",204
"703","36047042400",91
"704","36047042500",205
"705","36047042600",124
"706","36047042700",242
"707","36047042800",79
"708","36047042900",334
"709","36047043000",99
"710","36047043100",313
"711","36047043200",85
"712","36047043300",237
"713","36047043400",56
"714","36047043500",207
"715","36047043600",82
"716","36047043700",222
"717","36047043800",97
"718","36047043900",318
"719","36047044000",63
"720","36047044100",258
"721","36047044200",24
"722","36047044300",252
"723","36047044400",65
"724","36047044500",262
"725","36047044600",69
"726","36047044700",127
"727","36047044800",77
"728","36047044900",459
"729","36047045000",51
"730","36047045200",45
"731","36047045300",259
"732","36047045400",48
"733","36047045600",57
"734","36047045800",34
"735","36047046000",78
"736","36047046201",84
"737","36047046202",62
"738","36047046400",37
"739","36047046800",44
"740","36047047000",49
"741","36047047200",36
"742","36047047400",27
"743","36047047600",55
"744","36047047700",198
"745","36047047800",139
"746","36047048000",81
"747","36047048100",210
"748","36047048200",108
"749","36047048400",136
"750","36047048500",434
"751","36047048600",134
"752","36047048800",128
"753","36047048900",328
"754","36047049000",160
"755","36047049100",650
"756","36047049200",135
"757","36047049300",548
"758","36047049400",129
"759","36047049500",228
"760","36047049600",211
"761","36047049700",150
"762","36047049800",110
"763","36047049900",55
"764","36047050000",121
"765","36047050100",165
"766","36047050202",47
"767","36047050300",167
"768","36047050400",145
"769","36047050500",304
"770","36047050600",290
"771","36047050700",222
"772","36047050801",279
"773","36047050803",228
"774","36047050804",235
"775","36047050900",104
"776","36047051001",303
"777","36047051002",223
"778","36047051100",208
"779","36047051200",277
"780","36047051300",288
"781","36047051400",303
"782","36047051500",110
"783","36047051601",220
"784","36047051602",148
"785","36047051700",143
"786","36047051800",115
"787","36047051900",319
"788","36047052000",138
"789","36047052300",262
"790","36047052500",278
"791","36047052600",110
"792","36047052700",369
"793","36047052800",95
"794","36047052900",139
"795","36047053000",134
"796","36047053100",128
"797","36047053200",109
"798","36047053300",81
"799","36047053400",126
"800","36047053500",64
"801","36047053700",59
"802","36047053800",94
"803","36047053900",22
"804","36047054200",180
"805","36047054300",151
"806","36047054400",99
"807","36047054500",217
"808","36047054600",73
"809","36047054700",174
"810","36047054800",44
"811","36047054900",180
"812","36047055000",108
"813","36047055100",243
"814","36047055200",206
"815","36047055300",280
"816","36047055400",217
"817","36047055500",187
"818","36047055600",86
"819","36047055700",145
"820","36047055800",93
"821","36047056000",85
"822","36047056100",210
"823","36047056200",50
"824","36047056300",123
"825","36047056400",65
"826","36047056500",107
"827","36047056600",73
"828","36047056800",38
"829","36047056900",131
"830","36047057000",179
"831","36047057100",125
"832","36047057200",430
"833","36047057300",103
"834","36047057400",57
"835","36047057500",171
"836","36047057600",44
"837","36047057800",115
"838","36047057900",122
"839","36047058000",99
"840","36047058200",93
"841","36047058400",74
"842","36047058600",45
"843","36047058800",86
"844","36047058900",96
"845","36047059000",89
"846","36047059100",66
"847","36047059200",154
"848","36047059300",87
"849","36047059401",170
"850","36047059402",156
"851","36047059600",102
"852","36047059800",92
"853","36047060000",235
"854","36047060600",149
"855","36047060800",217
"856","36047061002",58
"857","36047061003",84
"858","36047061004",224
"859","36047061200",63
"860","36047061600",83
"861","36047062000",82
"862","36047062200",130
"863","36047062600",139
"864","36047062800",210
"865","36047063200",45
"866","36047063600",41
"867","36047063800",37
"868","36047064000",32
"869","36047064200",146
"870","36047064400",54
"871","36047064600",55
"872","36047064800",54
"873","36047065000",75
"874","36047065200",55
"875","36047065400",54
"876","36047065600",36
"877","36047065800",56
"878","36047066000",47
"879","36047066200",64
"880","36047066600",105
"881","36047067000",184
"882","36047067200",95
"883","36047067400",91
"884","36047067600",101
"885","36047067800",94
"886","36047068000",114
"887","36047068200",73
"888","36047068600",108
"889","36047068800",50
"890","36047069000",92
"891","36047069200",153
"892","36047069601",152
"893","36047069602",206
"894","36047069800",482
"895","36047070000",38
"896","36047070201",129
"897","36047070202",34
"898","36047070600",65
"899","36047072000",158
"900","36047072200",129
"901","36047072400",167
"902","36047072600",91
"903","36047072800",144
"904","36047073000",107
"905","36047073200",77
"906","36047073400",100
"907","36047073600",197
"908","36047073800",101
"909","36047074000",224
"910","36047074200",156
"911","36047074400",50
"912","36047074600",121
"913","36047074800",85
"914","36047075000",49
"915","36047075200",28
"916","36047075400",33
"917","36047075600",54
"918","36047075800",56
"919","36047076000",75
"920","36047076200",114
"921","36047076400",62
"922","36047076600",90
"923","36047076800",190
"924","36047077000",134
"925","36047077200",369
"926","36047077400",172
"927","36047077600",139
"928","36047078000",107
"929","36047078200",127
"930","36047078400",103
"931","36047078600",397
"932","36047078800",244
"933","36047079000",334
"934","36047079200",344
"935","36047079400",554
"936","36047079601",286
"937","36047079602",467
"938","36047079801",159
"939","36047079802",288
"940","36047080000",246
"941","36047080200",383
"942","36047080400",325
"943","36047080600",200
"944","36047080800",377
"945","36047081000",205
"946","36047081400",164
"947","36047081600",233
"948","36047081800",291
"949","36047082000",457
"950","36047082200",347
"951","36047082400",341
"952","36047082600",370
"953","36047082800",289
"954","36047083000",339
"955","36047083200",91
"956","36047083400",59
"957","36047083600",95
"958","36047083800",82
"959","36047084000",120
"960","36047084600",80
"961","36047084800",69
"962","36047085000",72
"963","36047085200",19
"964","36047085400",89
"965","36047085600",151
"966","36047085800",87
"967","36047086000",121
"968","36047086200",129
"969","36047086400",139
"970","36047086600",158
"971","36047086800",315
"972","36047087000",188
"973","36047087200",138
"974","36047087401",230
"975","36047087600",170
"976","36047087800",169
"977","36047088000",196
"978","36047088200",272
"979","36047088400",275
"980","36047088600",275
"981","36047088800",175
"982","36047089000",345
"983","36047089200",456
"984","36047089400",290
"985","36047089600",339
"986","36047089800",290
"987","36047090000",622
"988","36047090200",379
"989","36047090600",736
"990","36047090800",939
"991","36047091000",481
"992","36047091200",665
"993","36047091600",525
"994","36047091800",205
"995","36047092000",439
"996","36047092200",146
"997","36047092400",690
"998","36047092800",98
"999","36047093000",96
"1000","36047093200",104
"1001","36047093400",76
"1002","36047093600",116
"1003","36047093800",76
"1004","36047094401",229
"1005","36047094402",160
"1006","36047094600",80
"1007","36047095000",204
"1008","36047095400",261
"1009","36047095600",166
"1010","36047095800",204
"1011","36047096000",72
"1012","36047096200",98
"1013","36047096400",156
"1014","36047096600",107
"1015","36047096800",90
"1016","36047097000",119
"1017","36047097400",340
"1018","36047098200",295
"1019","36047098400",101
"1020","36047098600",113
"1021","36047098800",135
"1022","36047099000",81
"1023","36047099200",87
"1024","36047099400",83
"1025","36047099600",124
"1026","36047099800",146
"1027","36047100400",69
"1028","36047100600",111
"1029","36047100800",98
"1030","36047101000",87
"1031","36047101200",120
"1032","36047101400",90
"1033","36047101600",45
"1034","36047101800",118
"1035","36047102000",76
"1036","36047102200",135
"1037","36047102400",81
"1038","36047102600",68
"1039","36047102800",120
"1040","36047103400",369
"1041","36047105801",270
"1042","36047105804",307
"1043","36047107000",481
"1044","36047107800",137
"1045","36047109800",364
"1046","36047110400",887
"1047","36047110600",449
"1048","36047111000",213
"1049","36047111600",322
"1050","36047111800",277
"1051","36047112000",275
"1052","36047112200",240
"1053","36047112400",367
"1054","36047112600",368
"1055","36047112800",403
"1056","36047113000",314
"1057","36047113200",164
"1058","36047113400",374
"1059","36047114201",161
"1060","36047114202",128
"1061","36047114400",475
"1062","36047114600",192
"1063","36047115000",257
"1064","36047115200",423
"1065","36047115600",597
"1066","36047115800",348
"1067","36047116000",176
"1068","36047116200",171
"1069","36047116400",244
"1070","36047116600",287
"1071","36047116800",222
"1072","36047117000",222
"1073","36047117201",177
"1074","36047117202",194
"1075","36047117400",296
"1076","36047117601",167
"1077","36047117602",189
"1078","36047117800",116
"1079","36047118000",252
"1080","36047118201",141
"1081","36047118202",126
"1082","36047118400",367
"1083","36047118600",163
"1084","36047118800",354
"1085","36047119000",230
"1086","36047119200",344
"1087","36047119400",406
"1088","36047119600",638
"1089","36047119800",365
"1090","36047120000",179
"1091","36047120200",117
"1092","36047120800",633
"1093","36047121000",126
"1094","36047121400",289
"1095","36047122000",328
"1096","36047123700",257
"1097","36047150200",129
"1098","36047152200",230
"1099","36061000201",185
"1100","36061000202",339
"1101","36061000500",1
"1102","36061000600",568
"1103","36061000700",265
"1104","36061000800",344
"1105","36061000900",263
"1106","36061001001",44
"1107","36061001002",388
"1108","36061001200",210
"1109","36061001300",1025
"1110","36061001401",107
"1111","36061001402",385
"1112","36061001501",368
"1113","36061001502",403
"1114","36061001600",395
"1115","36061001800",784
"1116","36061002000",163
"1117","36061002100",436
"1118","36061002201",419
"1119","36061002202",169
"1120","36061002400",286
"1121","36061002500",166
"1122","36061002601",359
"1123","36061002602",393
"1124","36061002700",192
"1125","36061002800",526
"1126","36061002900",334
"1127","36061003001",636
"1128","36061003002",309
"1129","36061003100",397
"1130","36061003200",563
"1131","36061003300",597
"1132","36061003400",523
"1133","36061003601",405
"1134","36061003602",339
"1135","36061003700",451
"1136","36061003800",626
"1137","36061003900",247
"1138","36061004000",399
"1139","36061004100",597
"1140","36061004200",370
"1141","36061004300",387
"1142","36061004400",126
"1143","36061004500",536
"1144","36061004700",879
"1145","36061004800",526
"1146","36061004900",1328
"1147","36061005000",716
"1148","36061005200",1086
"1149","36061005400",560
"1150","36061005501",408
"1151","36061005502",274
"1152","36061005600",316
"1153","36061005700",578
"1154","36061005800",529
"1155","36061005900",270
"1156","36061006000",89
"1157","36061006100",570
"1158","36061006200",180
"1159","36061006300",271
"1160","36061006400",389
"1161","36061006500",671
"1162","36061006600",548
"1163","36061006700",334
"1164","36061006800",492
"1165","36061006900",270
"1166","36061007000",325
"1167","36061007100",659
"1168","36061007200",501
"1169","36061007300",571
"1170","36061007400",446
"1171","36061007500",232
"1172","36061007600",1373
"1173","36061007700",252
"1174","36061007800",194
"1175","36061007900",519
"1176","36061008000",251
"1177","36061008100",622
"1178","36061008200",305
"1179","36061008300",689
"1180","36061008400",380
"1181","36061008601",39
"1182","36061008602",8
"1183","36061008603",30
"1184","36061008700",513
"1185","36061008800",230
"1186","36061008900",426
"1187","36061009000",256
"1188","36061009100",511
"1189","36061009200",564
"1190","36061009300",491
"1191","36061009400",326
"1192","36061009500",481
"1193","36061009600",514
"1194","36061009700",355
"1195","36061009800",279
"1196","36061009900",823
"1197","36061010000",518
"1198","36061010100",1212
"1199","36061010200",322
"1200","36061010300",358
"1201","36061010400",632
"1202","36061010601",81
"1203","36061010602",96
"1204","36061010800",252
"1205","36061010900",3173
"1206","36061011000",178
"1207","36061011100",793
"1208","36061011201",457
"1209","36061011202",110
"1210","36061011203",220
"1211","36061011300",490
"1212","36061011401",124
"1213","36061011402",580
"1214","36061011500",1012
"1215","36061011600",113
"1216","36061011700",79
"1217","36061011800",181
"1218","36061011900",1509
"1219","36061012000",324
"1220","36061012100",1068
"1221","36061012200",143
"1222","36061012400",145
"1223","36061012500",988
"1224","36061012600",218
"1225","36061012700",566
"1226","36061012800",191
"1227","36061012900",515
"1228","36061013000",114
"1229","36061013100",550
"1230","36061013200",171
"1231","36061013300",465
"1232","36061013400",291
"1233","36061013500",564
"1234","36061013600",223
"1235","36061013700",572
"1236","36061013800",269
"1237","36061013900",376
"1238","36061014000",267
"1239","36061014200",97
"1240","36061014300",567
"1241","36061014401",60
"1242","36061014402",131
"1243","36061014500",552
"1244","36061014601",99
"1245","36061014602",211
"1246","36061014700",104
"1247","36061014801",102
"1248","36061014802",613
"1249","36061014900",296
"1250","36061015001",56
"1251","36061015002",79
"1252","36061015100",561
"1253","36061015200",142
"1254","36061015300",383
"1255","36061015400",358
"1256","36061015500",117
"1257","36061015601",170
"1258","36061015602",209
"1259","36061015700",332
"1260","36061015801",173
"1261","36061015802",186
"1262","36061015900",417
"1263","36061016001",85
"1264","36061016002",52
"1265","36061016100",184
"1266","36061016200",681
"1267","36061016300",320
"1268","36061016400",462
"1269","36061016500",188
"1270","36061016600",670
"1271","36061016700",354
"1272","36061016800",493
"1273","36061016900",312
"1274","36061017000",508
"1275","36061017100",325
"1276","36061017200",858
"1277","36061017300",259
"1278","36061017401",372
"1279","36061017402",137
"1280","36061017500",361
"1281","36061017700",377
"1282","36061017800",229
"1283","36061017900",333
"1284","36061018000",669
"1285","36061018100",211
"1286","36061018200",1180
"1287","36061018300",629
"1288","36061018400",559
"1289","36061018500",158
"1290","36061018600",663
"1291","36061018700",378
"1292","36061018800",585
"1293","36061018900",774
"1294","36061019000",412
"1295","36061019100",586
"1296","36061019200",293
"1297","36061019300",355
"1298","36061019400",731
"1299","36061019500",391
"1300","36061019600",1771
"1301","36061019701",244
"1302","36061019702",199
"1303","36061019800",443
"1304","36061019900",322
"1305","36061020000",449
"1306","36061020101",57
"1307","36061020102",306
"1308","36061020300",131
"1309","36061020500",119
"1310","36061020600",269
"1311","36061020701",45
"1312","36061020800",342
"1313","36061020901",463
"1314","36061021000",516
"1315","36061021100",636
"1316","36061021200",450
"1317","36061021303",326
"1318","36061021400",238
"1319","36061021500",263
"1320","36061021600",715
"1321","36061021703",425
"1322","36061021800",627
"1323","36061021900",926
"1324","36061022000",386
"1325","36061022102",264
"1326","36061022200",1113
"1327","36061022301",504
"1328","36061022302",242
"1329","36061022400",587
"1330","36061022500",804
"1331","36061022600",508
"1332","36061022700",270
"1333","36061022800",627
"1334","36061022900",842
"1335","36061023000",682
"1336","36061023100",536
"1337","36061023200",821
"1338","36061023300",543
"1339","36061023400",339
"1340","36061023501",412
"1341","36061023502",182
"1342","36061023600",465
"1343","36061023700",671
"1344","36061023900",170
"1345","36061024000",463
"1346","36061024100",516
"1347","36061024200",630
"1348","36061024301",290
"1349","36061024302",779
"1350","36061024500",788
"1351","36061024700",326
"1352","36061024900",102
"1353","36061025100",447
"1354","36061025300",456
"1355","36061025500",378
"1356","36061025700",520
"1357","36061025900",585
"1358","36061026100",495
"1359","36061026300",392
"1360","36061026500",261
"1361","36061026700",35
"1362","36061026900",450
"1363","36061027100",617
"1364","36061027300",225
"1365","36061027500",63
"1366","36061027700",297
"1367","36061027900",446
"1368","36061028100",97
"1369","36061028300",161
"1370","36061028500",242
"1371","36061028700",168
"1372","36061029100",509
"1373","36061029300",450
"1374","36061029500",269
"1375","36061029700",126
"1376","36061029900",261
"1377","36061030300",212
"1378","36061030700",78
"1379","36061031100",65
"1380","36061031703",90
"1381","36061031704",134
"1382","36061031900",8
"1383","36081000100",237
"1384","36081000200",114
"1385","36081000400",149
"1386","36081000600",163
"1387","36081000700",369
"1388","36081000800",121
"1389","36081001000",78
"1390","36081001200",171
"1391","36081001400",149
"1392","36081001600",111
"1393","36081001800",102
"1394","36081001900",465
"1395","36081002000",63
"1396","36081002200",133
"1397","36081002400",73
"1398","36081002500",372
"1399","36081002600",122
"1400","36081002800",104
"1401","36081003000",43
"1402","36081003100",140
"1403","36081003200",133
"1404","36081003300",293
"1405","36081003400",149
"1406","36081003600",121
"1407","36081003700",262
"1408","36081003800",110
"1409","36081003900",75
"1410","36081004001",86
"1411","36081004002",204
"1412","36081004200",159
"1413","36081004300",182
"1414","36081004401",104
"1415","36081004500",131
"1416","36081004700",199
"1417","36081005000",19
"1418","36081005100",82
"1419","36081005200",107
"1420","36081005300",174
"1421","36081005400",276
"1422","36081005500",109
"1423","36081005700",233
"1424","36081005800",235
"1425","36081005900",124
"1426","36081006100",188
"1427","36081006201",116
"1428","36081006202",204
"1429","36081006300",182
"1430","36081006501",101
"1431","36081006502",177
"1432","36081006900",114
"1433","36081007100",214
"1434","36081007300",100
"1435","36081007500",109
"1436","36081007700",184
"1437","36081007900",128
"1438","36081008100",68
"1439","36081008300",132
"1440","36081008500",212
"1441","36081008600",106
"1442","36081008700",376
"1443","36081008800",171
"1444","36081009100",60
"1445","36081009400",174
"1446","36081009500",58
"1447","36081009600",112
"1448","36081009700",62
"1449","36081009800",162
"1450","36081009900",46
"1451","36081010000",184
"1452","36081010100",53
"1453","36081010200",108
"1454","36081010300",109
"1455","36081010400",91
"1456","36081010500",108
"1457","36081010600",132
"1458","36081010701",65
"1459","36081010800",160
"1460","36081011000",114
"1461","36081011100",57
"1462","36081011200",100
"1463","36081011300",161
"1464","36081011400",87
"1465","36081011500",121
"1466","36081011600",92
"1467","36081011700",104
"1468","36081011800",112
"1469","36081011900",42
"1470","36081012000",110
"1471","36081012100",74
"1472","36081012200",146
"1473","36081012301",126
"1474","36081012400",157
"1475","36081012500",125
"1476","36081012601",74
"1477","36081012602",95
"1478","36081012800",99
"1479","36081013000",103
"1480","36081013200",94
"1481","36081013400",103
"1482","36081013500",33
"1483","36081013600",37
"1484","36081013700",42
"1485","36081013800",96
"1486","36081014000",114
"1487","36081014100",66
"1488","36081014201",132
"1489","36081014202",299
"1490","36081014300",141
"1491","36081014400",192
"1492","36081014500",61
"1493","36081014700",92
"1494","36081014800",104
"1495","36081014900",87
"1496","36081015000",65
"1497","36081015100",121
"1498","36081015200",130
"1499","36081015300",151
"1500","36081015400",109
"1501","36081015500",285
"1502","36081015600",141
"1503","36081015700",114
"1504","36081015801",208
"1505","36081015802",296
"1506","36081015900",128
"1507","36081016100",120
"1508","36081016300",339
"1509","36081016400",164
"1510","36081016600",173
"1511","36081016800",104
"1512","36081016900",161
"1513","36081017000",113
"1514","36081017100",225
"1515","36081017200",83
"1516","36081017400",84
"1517","36081017600",87
"1518","36081017800",98
"1519","36081017900",316
"1520","36081018000",88
"1521","36081018101",173
"1522","36081018102",111
"1523","36081018200",128
"1524","36081018300",247
"1525","36081018401",175
"1526","36081018402",152
"1527","36081018501",93
"1528","36081018502",118
"1529","36081018600",79
"1530","36081018700",64
"1531","36081018800",62
"1532","36081018900",130
"1533","36081019000",122
"1534","36081019200",101
"1535","36081019400",125
"1536","36081019600",148
"1537","36081019800",186
"1538","36081019900",200
"1539","36081020200",55
"1540","36081020400",169
"1541","36081020500",94
"1542","36081020600",95
"1543","36081020800",255
"1544","36081021200",270
"1545","36081021400",293
"1546","36081021600",219
"1547","36081021900",116
"1548","36081022001",232
"1549","36081022002",124
"1550","36081022900",62
"1551","36081023000",65
"1552","36081023200",133
"1553","36081023500",221
"1554","36081023600",134
"1555","36081023800",169
"1556","36081024000",343
"1557","36081024300",194
"1558","36081024500",89
"1559","36081024600",72
"1560","36081024700",48
"1561","36081024900",128
"1562","36081025100",133
"1563","36081025301",187
"1564","36081025302",137
"1565","36081025400",762
"1566","36081025500",89
"1567","36081025700",112
"1568","36081025800",256
"1569","36081025900",195
"1570","36081026000",202
"1571","36081026100",241
"1572","36081026200",104
"1573","36081026300",239
"1574","36081026400",128
"1575","36081026500",232
"1576","36081026600",94
"1577","36081026700",329
"1578","36081026901",143
"1579","36081026902",93
"1580","36081027000",172
"1581","36081027100",182
"1582","36081027200",134
"1583","36081027300",378
"1584","36081027400",110
"1585","36081027500",327
"1586","36081027600",73
"1587","36081027700",382
"1588","36081027800",186
"1589","36081027900",178
"1590","36081028000",72
"1591","36081028100",207
"1592","36081028200",114
"1593","36081028300",432
"1594","36081028400",251
"1595","36081028500",224
"1596","36081028700",265
"1597","36081028800",362
"1598","36081028900",210
"1599","36081029100",277
"1600","36081029300",74
"1601","36081029400",428
"1602","36081029500",173
"1603","36081029700",199
"1604","36081029900",8
"1605","36081030600",260
"1606","36081030902",253
"1607","36081030903",226
"1608","36081030904",127
"1609","36081031700",216
"1610","36081032000",343
"1611","36081032700",164
"1612","36081032800",90
"1613","36081032900",225
"1614","36081033000",368
"1615","36081033100",14
"1616","36081033401",206
"1617","36081033402",476
"1618","36081033700",181
"1619","36081033900",166
"1620","36081034700",417
"1621","36081035100",199
"1622","36081035200",237
"1623","36081035300",160
"1624","36081035700",301
"1625","36081035800",268
"1626","36081036100",147
"1627","36081036300",165
"1628","36081036500",224
"1629","36081036600",195
"1630","36081036700",135
"1631","36081036800",96
"1632","36081037100",61
"1633","36081037300",191
"1634","36081037500",369
"1635","36081037600",207
"1636","36081037700",147
"1637","36081037900",275
"1638","36081038100",277
"1639","36081038301",71
"1640","36081038302",326
"1641","36081038400",112
"1642","36081039400",87
"1643","36081039800",116
"1644","36081039900",203
"1645","36081040000",55
"1646","36081040100",272
"1647","36081040200",63
"1648","36081040300",260
"1649","36081040400",152
"1650","36081040500",267
"1651","36081040700",275
"1652","36081040900",211
"1653","36081041100",116
"1654","36081041300",115
"1655","36081041400",241
"1656","36081041500",101
"1657","36081042400",93
"1658","36081042600",70
"1659","36081042700",110
"1660","36081043200",68
"1661","36081043400",88
"1662","36081043701",59
"1663","36081043702",142
"1664","36081043900",152
"1665","36081044000",250
"1666","36081044301",132
"1667","36081044302",346
"1668","36081044400",422
"1669","36081044601",959
"1670","36081044602",352
"1671","36081044800",137
"1672","36081045000",47
"1673","36081045200",117
"1674","36081045400",203
"1675","36081045500",33
"1676","36081045600",60
"1677","36081045700",65
"1678","36081045800",105
"1679","36081045900",50
"1680","36081046000",473
"1681","36081046100",89
"1682","36081046200",320
"1683","36081046300",128
"1684","36081046400",41
"1685","36081046500",105
"1686","36081046600",151
"1687","36081046700",126
"1688","36081046800",146
"1689","36081046900",159
"1690","36081047000",152
"1691","36081047100",84
"1692","36081047200",132
"1693","36081047300",310
"1694","36081047500",952
"1695","36081047600",53
"1696","36081047800",146
"1697","36081047900",119
"1698","36081048000",93
"1699","36081048100",74
"1700","36081048200",84
"1701","36081048300",134
"1702","36081048400",143
"1703","36081048500",165
"1704","36081048900",84
"1705","36081049200",205
"1706","36081049301",29
"1707","36081049302",113
"1708","36081049500",46
"1709","36081049600",95
"1710","36081049700",84
"1711","36081049900",89
"1712","36081050000",221
"1713","36081050201",55
"1714","36081050202",52
"1715","36081050400",89
"1716","36081050500",35
"1717","36081050600",51
"1718","36081050700",73
"1719","36081050800",119
"1720","36081051000",158
"1721","36081051100",61
"1722","36081051200",158
"1723","36081051300",63
"1724","36081051500",79
"1725","36081051600",75
"1726","36081051700",84
"1727","36081051800",79
"1728","36081052000",59
"1729","36081052100",96
"1730","36081052200",67
"1731","36081052400",89
"1732","36081052500",80
"1733","36081052600",78
"1734","36081052800",85
"1735","36081053000",116
"1736","36081053100",183
"1737","36081053200",90
"1738","36081053401",136
"1739","36081053500",121
"1740","36081053601",61
"1741","36081053800",85
"1742","36081053900",278
"1743","36081054000",174
"1744","36081054200",194
"1745","36081054500",134
"1746","36081054700",193
"1747","36081054800",36
"1748","36081054900",376
"1749","36081055100",331
"1750","36081055200",141
"1751","36081055300",153
"1752","36081055400",39
"1753","36081055500",156
"1754","36081055600",68
"1755","36081055700",220
"1756","36081055800",44
"1757","36081055900",100
"1758","36081056000",56
"1759","36081056100",33
"1760","36081056200",19
"1761","36081056400",49
"1762","36081056500",69
"1763","36081056600",57
"1764","36081056700",147
"1765","36081056800",273
"1766","36081057700",142
"1767","36081057900",57
"1768","36081058000",110
"1769","36081058100",120
"1770","36081058200",176
"1771","36081058300",166
"1772","36081058500",119
"1773","36081058700",128
"1774","36081058900",215
"1775","36081059000",44
"1776","36081059100",222
"1777","36081059200",32
"1778","36081059300",124
"1779","36081059400",51
"1780","36081059500",289
"1781","36081059600",72
"1782","36081059800",69
"1783","36081059900",42
"1784","36081060000",42
"1785","36081060100",87
"1786","36081060300",88
"1787","36081060600",34
"1788","36081060701",149
"1789","36081060800",41
"1790","36081061000",50
"1791","36081061200",32
"1792","36081061301",369
"1793","36081061400",36
"1794","36081061601",58
"1795","36081061602",56
"1796","36081061800",61
"1797","36081061900",82
"1798","36081062000",32
"1799","36081062100",76
"1800","36081062200",71
"1801","36081062300",84
"1802","36081062500",200
"1803","36081062600",138
"1804","36081062700",114
"1805","36081062900",88
"1806","36081063000",66
"1807","36081063200",96
"1808","36081063301",79
"1809","36081063302",66
"1810","36081063500",124
"1811","36081063700",222
"1812","36081063800",125
"1813","36081063900",120
"1814","36081064101",73
"1815","36081064102",81
"1816","36081064500",30
"1817","36081064600",88
"1818","36081065000",97
"1819","36081065400",207
"1820","36081065501",82
"1821","36081065600",156
"1822","36081065702",40
"1823","36081065703",103
"1824","36081065900",36
"1825","36081066000",119
"1826","36081066100",25
"1827","36081066300",81
"1828","36081066400",274
"1829","36081066501",40
"1830","36081066701",85
"1831","36081066900",48
"1832","36081067100",50
"1833","36081067700",38
"1834","36081067900",90
"1835","36081068000",238
"1836","36081068200",54
"1837","36081068300",579
"1838","36081068700",134
"1839","36081069000",111
"1840","36081069300",102
"1841","36081069400",100
"1842","36081069500",79
"1843","36081069701",69
"1844","36081069702",53
"1845","36081070300",59
"1846","36081070700",33
"1847","36081070900",42
"1848","36081071100",197
"1849","36081071303",132
"1850","36081071304",121
"1851","36081071305",55
"1852","36081071306",135
"1853","36081071600",66
"1854","36081071701",221
"1855","36081071702",343
"1856","36081071900",89
"1857","36081072100",102
"1858","36081072300",49
"1859","36081072900",56
"1860","36081073100",39
"1861","36081073700",105
"1862","36081073900",156
"1863","36081074100",110
"1864","36081074300",88
"1865","36081074500",90
"1866","36081074700",68
"1867","36081074900",33
"1868","36081075701",97
"1869","36081075702",123
"1870","36081076901",78
"1871","36081076902",138
"1872","36081077300",108
"1873","36081077500",112
"1874","36081077902",125
"1875","36081077903",62
"1876","36081077904",148
"1877","36081077905",66
"1878","36081077906",135
"1879","36081077907",54
"1880","36081077908",120
"1881","36081078800",99
"1882","36081079000",116
"1883","36081079200",104
"1884","36081079701",70
"1885","36081079702",77
"1886","36081079900",125
"1887","36081080301",114
"1888","36081080302",94
"1889","36081080900",287
"1890","36081081400",144
"1891","36081081800",151
"1892","36081083700",142
"1893","36081083800",133
"1894","36081084000",191
"1895","36081084500",100
"1896","36081084601",95
"1897","36081084602",83
"1898","36081084900",231
"1899","36081085300",316
"1900","36081085500",110
"1901","36081085700",91
"1902","36081085900",127
"1903","36081086100",64
"1904","36081086300",113
"1905","36081086400",90
"1906","36081086500",180
"1907","36081086900",309
"1908","36081087100",811
"1909","36081088400",254
"1910","36081088901",346
"1911","36081089200",267
"1912","36081090700",165
"1913","36081091601",57
"1914","36081091602",1
"1915","36081091800",2
"1916","36081091900",140
"1917","36081092200",36
"1918","36081092500",146
"1919","36081092800",45
"1920","36081092900",189
"1921","36081093401",104
"1922","36081093402",134
"1923","36081093800",302
"1924","36081093900",100
"1925","36081094201",234
"1926","36081094202",468
"1927","36081094203",159
"1928","36081094500",292
"1929","36081094700",76
"1930","36081095400",335
"1931","36081096400",372
"1932","36081097202",135
"1933","36081097203",407
"1934","36081097204",133
"1935","36081097300",70
"1936","36081098100",69
"1937","36081098700",117
"1938","36081099100",81
"1939","36081099200",232
"1940","36081099701",60
"1941","36081099703",91
"1942","36081099704",115
"1943","36081099705",34
"1944","36081099801",317
"1945","36081099802",200
"1946","36081099900",2
"1947","36081100801",109
"1948","36081100802",418
"1949","36081101001",360
"1950","36081101002",134
"1951","36081101700",112
"1952","36081102900",96
"1953","36081103201",551
"1954","36081103202",412
"1955","36081103300",79
"1956","36081103900",152
"1957","36081104700",163
"1958","36081105900",53
"1959","36081107201",128
"1960","36081108500",90
"1961","36081109300",69
"1962","36081109700",68
"1963","36081109900",89
"1964","36081111300",48
"1965","36081112300",124
"1966","36081112900",33
"1967","36081113300",32
"1968","36081113900",75
"1969","36081114100",45
"1970","36081114700",34
"1971","36081115100",14
"1972","36081115500",77
"1973","36081115700",102
"1974","36081115900",98
"1975","36081116100",144
"1976","36081116300",149
"1977","36081116700",84
"1978","36081117100",215
"1979","36081117500",95
"1980","36081118100",51
"1981","36081118500",48
"1982","36081118700",68
"1983","36081118900",57
"1984","36081119100",63
"1985","36081119300",27
"1986","36081119500",23
"1987","36081119900",21
"1988","36081120100",28
"1989","36081120300",25
"1990","36081120500",90
"1991","36081120700",39
"1992","36081121100",20
"1993","36081121500",89
"1994","36081122300",108
"1995","36081122701",291
"1996","36081122702",454
"1997","36081124100",91
"1998","36081124700",61
"1999","36081125700",127
"2000","36081126500",80
"2001","36081126700",123
"2002","36081127700",154
"2003","36081128300",38
"2004","36081129102",84
"2005","36081129103",93
"2006","36081129104",93
"2007","36081130100",177
"2008","36081133300",92
"2009","36081133900",40
"2010","36081134100",101
"2011","36081134700",314
"2012","36081136700",108
"2013","36081137700",131
"2014","36081138501",129
"2015","36081138502",48
"2016","36081139900",32
"2017","36081140300",41
"2018","36081140901",19
"2019","36081140902",62
"2020","36081141700",139
"2021","36081142900",81
"2022","36081143500",35
"2023","36081144100",59
"2024","36081144700",83
"2025","36081145101",32
"2026","36081145102",58
"2027","36081145900",59
"2028","36081146300",97
"2029","36081146700",158
"2030","36081147100",121
"2031","36081147900",120
"2032","36081148300",48
"2033","36081150701",51
"2034","36081150702",63
"2035","36081152901",170
"2036","36081152902",96
"2037","36081155101",7
"2038","36081155102",211
"2039","36081156700",55
"2040","36081157101",142
"2041","36081157102",39
"2042","36081157901",66
"2043","36081157902",76
"2044","36081157903",47
"2045","36081161700",120
"2046","36081162100",128
"2047","36085000300",446
"2048","36085000600",183
"2049","36085000700",612
"2050","36085000800",251
"2051","36085000900",153
"2052","36085001100",342
"2053","36085001700",75
"2054","36085001800",4
"2055","36085002001",65
"2056","36085002002",169
"2057","36085002100",691
"2058","36085002700",248
"2059","36085002900",690
"2060","36085003300",159
"2061","36085003600",115
"2062","36085003900",48
"2063","36085004000",804
"2064","36085004700",128
"2065","36085005000",157
"2066","36085005900",123
"2067","36085006400",248
"2068","36085006700",138
"2069","36085007000",361
"2070","36085007400",172
"2071","36085007500",158
"2072","36085007700",204
"2073","36085008100",283
"2074","36085009601",160
"2075","36085009602",133
"2076","36085009700",184
"2077","36085010500",398
"2078","36085011201",143
"2079","36085011202",373
"2080","36085011401",142
"2081","36085011402",146
"2082","36085012100",119
"2083","36085012200",155
"2084","36085012500",161
"2085","36085012804",319
"2086","36085012805",70
"2087","36085012806",228
"2088","36085013201",65
"2089","36085013203",171
"2090","36085013204",178
"2091","36085013301",184
"2092","36085013302",461
"2093","36085013400",159
"2094","36085013800",177
"2095","36085014100",96
"2096","36085014604",251
"2097","36085014605",123
"2098","36085014606",219
"2099","36085014607",151
"2100","36085014608",89
"2101","36085014700",114
"2102","36085015100",121
"2103","36085015400",5
"2104","36085015601",209
"2105","36085015602",61
"2106","36085015603",140
"2107","36085016901",90
"2108","36085017005",173
"2109","36085017007",143
"2110","36085017008",191
"2111","36085017009",103
"2112","36085017010",199
"2113","36085017011",62
"2114","36085017012",166
"2115","36085017300",105
"2116","36085017600",160
"2117","36085017700",222
"2118","36085018100",200
"2119","36085018701",58
"2120","36085018702",230
"2121","36085018901",163
"2122","36085018902",151
"2123","36085019700",40
"2124","36085019800",273
"2125","36085020100",252
"2126","36085020700",636
"2127","36085020801",441
"2128","36085020803",184
"2129","36085020804",137
"2130","36085021300",447
"2131","36085022300",202
"2132","36085022600",374
"2133","36085022800",109
"2134","36085023100",228
"2135","36085023900",209
"2136","36085024401",135
"2137","36085024402",107
"2138","36085024700",203
"2139","36085024800",332
"2140","36085025100",186
"2141","36085027301",126
"2142","36085027302",68
"2143","36085027702",854
"2144","36085027704",83
"2145","36085027705",105
"2146","36085027706",213
"2147","36085027900",152
"2148","36085029102",237
"2149","36085029103",238
"2150","36085029104",296
"2151","36085030301",216
"2152","36085030302",220
"2153","36085031901",283
"2154","36085031902",233
"2155","36085032300",271
